<?xml version="1.0" encoding="ISO-8859-1" ?>
<link_info>
   <banner>TI ARM Linker Unix v20.2.6.LTS</banner>
   <copyright>Copyright (c) 1996-2018 Texas Instruments Incorporated</copyright>
   <link_time>0x62b9e8d3</link_time>
   <link_errors>0x0</link_errors>
   <output_file>Lab1Part2G09.out</output_file>
   <entry_point>
      <name>_c_int00_noinit_noargs</name>
      <address>0x2ed</address>
   </entry_point>
   <input_file_list>
      <input_file id="fl-1">
         <path>./</path>
         <kind>object</kind>
         <file>main.obj</file>
         <name>main.obj</name>
      </input_file>
      <input_file id="fl-2">
         <path>./</path>
         <kind>object</kind>
         <file>system_msp432p401r.obj</file>
         <name>system_msp432p401r.obj</name>
      </input_file>
      <input_file id="fl-3">
         <path>./ccs/</path>
         <kind>object</kind>
         <file>startup_msp432p401r_ccs.obj</file>
         <name>startup_msp432p401r_ccs.obj</name>
      </input_file>
      <input_file id="fl-d">
         <kind>object</kind>
         <file>&lt;internal&gt;</file>
         <name>&lt;internal&gt;</name>
      </input_file>
      <input_file id="fl-c3">
         <path>/Applications/ti/ccs1120/ccs/tools/compiler/ti-cgt-arm_20.2.6.LTS/lib/</path>
         <kind>archive</kind>
         <file>rtsv7M4_T_le_v4SPD16_eabi.lib</file>
         <name>memcpy_t2.asm.obj</name>
      </input_file>
      <input_file id="fl-c4">
         <path>/Applications/ti/ccs1120/ccs/tools/compiler/ti-cgt-arm_20.2.6.LTS/lib/</path>
         <kind>archive</kind>
         <file>rtsv7M4_T_le_v4SPD16_eabi.lib</file>
         <name>copy_zero_init.c.obj</name>
      </input_file>
      <input_file id="fl-c5">
         <path>/Applications/ti/ccs1120/ccs/tools/compiler/ti-cgt-arm_20.2.6.LTS/lib/</path>
         <kind>archive</kind>
         <file>rtsv7M4_T_le_v4SPD16_eabi.lib</file>
         <name>copy_decompress_none.c.obj</name>
      </input_file>
      <input_file id="fl-c6">
         <path>/Applications/ti/ccs1120/ccs/tools/compiler/ti-cgt-arm_20.2.6.LTS/lib/</path>
         <kind>archive</kind>
         <file>rtsv7M4_T_le_v4SPD16_eabi.lib</file>
         <name>copy_decompress_lzss.c.obj</name>
      </input_file>
      <input_file id="fl-c7">
         <path>/Applications/ti/ccs1120/ccs/tools/compiler/ti-cgt-arm_20.2.6.LTS/lib/</path>
         <kind>archive</kind>
         <file>rtsv7M4_T_le_v4SPD16_eabi.lib</file>
         <name>boot_cortex_m.c.obj</name>
      </input_file>
      <input_file id="fl-c8">
         <path>/Applications/ti/ccs1120/ccs/tools/compiler/ti-cgt-arm_20.2.6.LTS/lib/</path>
         <kind>archive</kind>
         <file>rtsv7M4_T_le_v4SPD16_eabi.lib</file>
         <name>memset_t2.asm.obj</name>
      </input_file>
      <input_file id="fl-c9">
         <path>/Applications/ti/ccs1120/ccs/tools/compiler/ti-cgt-arm_20.2.6.LTS/lib/</path>
         <kind>archive</kind>
         <file>rtsv7M4_T_le_v4SPD16_eabi.lib</file>
         <name>autoinit.c.obj</name>
      </input_file>
      <input_file id="fl-ca">
         <path>/Applications/ti/ccs1120/ccs/tools/compiler/ti-cgt-arm_20.2.6.LTS/lib/</path>
         <kind>archive</kind>
         <file>rtsv7M4_T_le_v4SPD16_eabi.lib</file>
         <name>pre_init.c.obj</name>
      </input_file>
      <input_file id="fl-cb">
         <path>/Applications/ti/ccs1120/ccs/tools/compiler/ti-cgt-arm_20.2.6.LTS/lib/</path>
         <kind>archive</kind>
         <file>rtsv7M4_T_le_v4SPD16_eabi.lib</file>
         <name>cpy_tbl.c.obj</name>
      </input_file>
      <input_file id="fl-cc">
         <path>/Applications/ti/ccs1120/ccs/tools/compiler/ti-cgt-arm_20.2.6.LTS/lib/</path>
         <kind>archive</kind>
         <file>rtsv7M4_T_le_v4SPD16_eabi.lib</file>
         <name>exit.c.obj</name>
      </input_file>
      <input_file id="fl-cd">
         <path>/Applications/ti/ccs1120/ccs/tools/compiler/ti-cgt-arm_20.2.6.LTS/lib/</path>
         <kind>archive</kind>
         <file>rtsv7M4_T_le_v4SPD16_eabi.lib</file>
         <name>_lock.c.obj</name>
      </input_file>
      <input_file id="fl-ce">
         <path>/Applications/ti/ccs1120/ccs/tools/compiler/ti-cgt-arm_20.2.6.LTS/lib/</path>
         <kind>archive</kind>
         <file>rtsv7M4_T_le_v4SPD16_eabi.lib</file>
         <name>args_main.c.obj</name>
      </input_file>
   </input_file_list>
   <object_component_list>
      <object_component id="oc-26">
         <name>.intvecs:retain</name>
         <load_address>0x0</load_address>
         <run_address>0x0</run_address>
         <size>0xe4</size>
         <input_file_ref idref="fl-3"/>
      </object_component>
      <object_component id="oc-99">
         <name>.text:main</name>
         <load_address>0xe4</load_address>
         <run_address>0xe4</run_address>
         <size>0xf4</size>
         <input_file_ref idref="fl-1"/>
      </object_component>
      <object_component id="oc-37">
         <name>.text</name>
         <load_address>0x1d8</load_address>
         <run_address>0x1d8</run_address>
         <size>0x9c</size>
         <input_file_ref idref="fl-c3"/>
      </object_component>
      <object_component id="oc-ab">
         <name>.text:SystemInit</name>
         <load_address>0x274</load_address>
         <run_address>0x274</run_address>
         <size>0x78</size>
         <input_file_ref idref="fl-2"/>
      </object_component>
      <object_component id="oc-4f">
         <name>.text:_c_int00_noinit_noargs:_c_int00_noinit_noargs</name>
         <load_address>0x2ec</load_address>
         <run_address>0x2ec</run_address>
         <size>0x2c</size>
         <input_file_ref idref="fl-c7"/>
      </object_component>
      <object_component id="oc-67">
         <name>.text:Reset_Handler</name>
         <load_address>0x318</load_address>
         <run_address>0x318</run_address>
         <size>0xc</size>
         <input_file_ref idref="fl-3"/>
      </object_component>
      <object_component id="oc-93">
         <name>.text:_system_pre_init</name>
         <load_address>0x324</load_address>
         <run_address>0x324</run_address>
         <size>0x4</size>
         <input_file_ref idref="fl-ca"/>
      </object_component>
      <object_component id="oc-d4">
         <name>.text:abort:abort</name>
         <load_address>0x328</load_address>
         <run_address>0x328</run_address>
         <size>0x4</size>
         <input_file_ref idref="fl-cc"/>
      </object_component>
      <object_component id="oc-6d">
         <name>.text:Default_Handler</name>
         <load_address>0x32c</load_address>
         <run_address>0x32c</run_address>
         <size>0x2</size>
         <input_file_ref idref="fl-3"/>
      </object_component>
      <object_component id="oc-ca">
         <name>.const:.string:$P$T0$1</name>
         <load_address>0x32e</load_address>
         <run_address>0x32e</run_address>
         <size>0x58</size>
         <input_file_ref idref="fl-1"/>
      </object_component>
      <object_component id="oc-179">
         <name>.binit</name>
         <load_address>0x0</load_address>
         <run_address>0x0</run_address>
         <size>0x0</size>
      </object_component>
      <object_component id="oc-29">
         <name>.stack</name>
         <uninitialized>true</uninitialized>
         <run_address>0x2000fe00</run_address>
         <size>0x4</size>
         <input_file_ref idref="fl-c7"/>
      </object_component>
      <object_component id="oc-1a7">
         <name>.stack</name>
         <uninitialized>true</uninitialized>
         <run_address>0x2000fe00</run_address>
         <size>0x0</size>
      </object_component>
      <object_component id="oc-ce">
         <name>.debug_info</name>
         <load_address>0x0</load_address>
         <run_address>0x0</run_address>
         <size>0x566</size>
         <input_file_ref idref="fl-1"/>
      </object_component>
      <object_component id="oc-cb">
         <name>.debug_info</name>
         <load_address>0x566</load_address>
         <run_address>0x566</run_address>
         <size>0xda</size>
         <input_file_ref idref="fl-1"/>
      </object_component>
      <object_component id="oc-9a">
         <name>.debug_info</name>
         <load_address>0x640</load_address>
         <run_address>0x640</run_address>
         <size>0x1cb</size>
         <input_file_ref idref="fl-1"/>
      </object_component>
      <object_component id="oc-b5">
         <name>.debug_info</name>
         <load_address>0x80b</load_address>
         <run_address>0x80b</run_address>
         <size>0x26b</size>
         <input_file_ref idref="fl-1"/>
      </object_component>
      <object_component id="oc-121">
         <name>.debug_info</name>
         <load_address>0xa76</load_address>
         <run_address>0xa76</run_address>
         <size>0x1028</size>
         <input_file_ref idref="fl-1"/>
      </object_component>
      <object_component id="oc-11c">
         <name>.debug_info</name>
         <load_address>0x1a9e</load_address>
         <run_address>0x1a9e</run_address>
         <size>0x37e2</size>
         <input_file_ref idref="fl-1"/>
      </object_component>
      <object_component id="oc-32">
         <name>.debug_info</name>
         <load_address>0x5280</load_address>
         <run_address>0x5280</run_address>
         <size>0x84</size>
         <input_file_ref idref="fl-1"/>
      </object_component>
      <object_component id="oc-113">
         <name>.debug_info</name>
         <load_address>0x5304</load_address>
         <run_address>0x5304</run_address>
         <size>0x2a4</size>
         <input_file_ref idref="fl-1"/>
      </object_component>
      <object_component id="oc-cf">
         <name>.debug_info</name>
         <load_address>0x55a8</load_address>
         <run_address>0x55a8</run_address>
         <size>0xbb</size>
         <input_file_ref idref="fl-1"/>
      </object_component>
      <object_component id="oc-ac">
         <name>.debug_info</name>
         <load_address>0x5663</load_address>
         <run_address>0x5663</run_address>
         <size>0x138</size>
         <input_file_ref idref="fl-2"/>
      </object_component>
      <object_component id="oc-75">
         <name>.debug_info</name>
         <load_address>0x579b</load_address>
         <run_address>0x579b</run_address>
         <size>0x2d8</size>
         <input_file_ref idref="fl-3"/>
      </object_component>
      <object_component id="oc-27">
         <name>.debug_info</name>
         <load_address>0x5a73</load_address>
         <run_address>0x5a73</run_address>
         <size>0x104</size>
         <input_file_ref idref="fl-3"/>
      </object_component>
      <object_component id="oc-68">
         <name>.debug_info</name>
         <load_address>0x5b77</load_address>
         <run_address>0x5b77</run_address>
         <size>0x167</size>
         <input_file_ref idref="fl-3"/>
      </object_component>
      <object_component id="oc-6e">
         <name>.debug_info</name>
         <load_address>0x5cde</load_address>
         <run_address>0x5cde</run_address>
         <size>0x14f</size>
         <input_file_ref idref="fl-3"/>
      </object_component>
      <object_component id="oc-38">
         <name>.debug_info</name>
         <load_address>0x5e2d</load_address>
         <run_address>0x5e2d</run_address>
         <size>0x119</size>
         <input_file_ref idref="fl-c3"/>
      </object_component>
      <object_component id="oc-2a">
         <name>.debug_info</name>
         <load_address>0x5f46</load_address>
         <run_address>0x5f46</run_address>
         <size>0x10b</size>
         <input_file_ref idref="fl-c7"/>
      </object_component>
      <object_component id="oc-50">
         <name>.debug_info</name>
         <load_address>0x6051</load_address>
         <run_address>0x6051</run_address>
         <size>0x1a2</size>
         <input_file_ref idref="fl-c7"/>
      </object_component>
      <object_component id="oc-95">
         <name>.debug_info</name>
         <load_address>0x61f3</load_address>
         <run_address>0x61f3</run_address>
         <size>0x153</size>
         <input_file_ref idref="fl-ca"/>
      </object_component>
      <object_component id="oc-d5">
         <name>.debug_info</name>
         <load_address>0x6346</load_address>
         <run_address>0x6346</run_address>
         <size>0x122</size>
         <input_file_ref idref="fl-cc"/>
      </object_component>
      <object_component id="oc-1a8">
         <name>.debug_info</name>
         <load_address>0x6468</load_address>
         <run_address>0x6468</run_address>
         <size>0xac</size>
      </object_component>
      <object_component id="oc-11b">
         <name>.debug_line</name>
         <load_address>0x0</load_address>
         <run_address>0x0</run_address>
         <size>0x20</size>
         <input_file_ref idref="fl-1"/>
      </object_component>
      <object_component id="oc-119">
         <name>.debug_line</name>
         <load_address>0x20</load_address>
         <run_address>0x20</run_address>
         <size>0x2d</size>
         <input_file_ref idref="fl-1"/>
      </object_component>
      <object_component id="oc-9d">
         <name>.debug_line</name>
         <load_address>0x4d</load_address>
         <run_address>0x4d</run_address>
         <size>0x86</size>
         <input_file_ref idref="fl-1"/>
      </object_component>
      <object_component id="oc-b8">
         <name>.debug_line</name>
         <load_address>0xd3</load_address>
         <run_address>0xd3</run_address>
         <size>0x7a</size>
         <input_file_ref idref="fl-1"/>
      </object_component>
      <object_component id="oc-124">
         <name>.debug_line</name>
         <load_address>0x14d</load_address>
         <run_address>0x14d</run_address>
         <size>0x83</size>
         <input_file_ref idref="fl-1"/>
      </object_component>
      <object_component id="oc-11f">
         <name>.debug_line</name>
         <load_address>0x1d0</load_address>
         <run_address>0x1d0</run_address>
         <size>0x86</size>
         <input_file_ref idref="fl-1"/>
      </object_component>
      <object_component id="oc-35">
         <name>.debug_line</name>
         <load_address>0x256</load_address>
         <run_address>0x256</run_address>
         <size>0x20</size>
         <input_file_ref idref="fl-1"/>
      </object_component>
      <object_component id="oc-116">
         <name>.debug_line</name>
         <load_address>0x276</load_address>
         <run_address>0x276</run_address>
         <size>0x7e</size>
         <input_file_ref idref="fl-1"/>
      </object_component>
      <object_component id="oc-d2">
         <name>.debug_line</name>
         <load_address>0x2f4</load_address>
         <run_address>0x2f4</run_address>
         <size>0x7b</size>
         <input_file_ref idref="fl-1"/>
      </object_component>
      <object_component id="oc-af">
         <name>.debug_line</name>
         <load_address>0x36f</load_address>
         <run_address>0x36f</run_address>
         <size>0x66</size>
         <input_file_ref idref="fl-2"/>
      </object_component>
      <object_component id="oc-b4">
         <name>.debug_line</name>
         <load_address>0x3d5</load_address>
         <run_address>0x3d5</run_address>
         <size>0x44</size>
         <input_file_ref idref="fl-3"/>
      </object_component>
      <object_component id="oc-74">
         <name>.debug_line</name>
         <load_address>0x419</load_address>
         <run_address>0x419</run_address>
         <size>0x44</size>
         <input_file_ref idref="fl-3"/>
      </object_component>
      <object_component id="oc-6b">
         <name>.debug_line</name>
         <load_address>0x45d</load_address>
         <run_address>0x45d</run_address>
         <size>0x5d</size>
         <input_file_ref idref="fl-3"/>
      </object_component>
      <object_component id="oc-71">
         <name>.debug_line</name>
         <load_address>0x4ba</load_address>
         <run_address>0x4ba</run_address>
         <size>0x59</size>
         <input_file_ref idref="fl-3"/>
      </object_component>
      <object_component id="oc-3b">
         <name>.debug_line</name>
         <load_address>0x513</load_address>
         <run_address>0x513</run_address>
         <size>0x88</size>
         <input_file_ref idref="fl-c3"/>
      </object_component>
      <object_component id="oc-77">
         <name>.debug_line</name>
         <load_address>0x59b</load_address>
         <run_address>0x59b</run_address>
         <size>0x33</size>
         <input_file_ref idref="fl-c7"/>
      </object_component>
      <object_component id="oc-53">
         <name>.debug_line</name>
         <load_address>0x5ce</load_address>
         <run_address>0x5ce</run_address>
         <size>0x48</size>
         <input_file_ref idref="fl-c7"/>
      </object_component>
      <object_component id="oc-98">
         <name>.debug_line</name>
         <load_address>0x616</load_address>
         <run_address>0x616</run_address>
         <size>0x40</size>
         <input_file_ref idref="fl-ca"/>
      </object_component>
      <object_component id="oc-d8">
         <name>.debug_line</name>
         <load_address>0x656</load_address>
         <run_address>0x656</run_address>
         <size>0x3c</size>
         <input_file_ref idref="fl-cc"/>
      </object_component>
      <object_component id="oc-9e">
         <name>.debug_frame</name>
         <load_address>0x0</load_address>
         <run_address>0x0</run_address>
         <size>0x5c</size>
         <input_file_ref idref="fl-1"/>
      </object_component>
      <object_component id="oc-b0">
         <name>.debug_frame</name>
         <load_address>0x5c</load_address>
         <run_address>0x5c</run_address>
         <size>0x54</size>
         <input_file_ref idref="fl-2"/>
      </object_component>
      <object_component id="oc-6c">
         <name>.debug_frame</name>
         <load_address>0xb0</load_address>
         <run_address>0xb0</run_address>
         <size>0x58</size>
         <input_file_ref idref="fl-3"/>
      </object_component>
      <object_component id="oc-72">
         <name>.debug_frame</name>
         <load_address>0x108</load_address>
         <run_address>0x108</run_address>
         <size>0x54</size>
         <input_file_ref idref="fl-3"/>
      </object_component>
      <object_component id="oc-54">
         <name>.debug_frame</name>
         <load_address>0x15c</load_address>
         <run_address>0x15c</run_address>
         <size>0x50</size>
         <input_file_ref idref="fl-c7"/>
      </object_component>
      <object_component id="oc-94">
         <name>.debug_frame</name>
         <load_address>0x1ac</load_address>
         <run_address>0x1ac</run_address>
         <size>0x54</size>
         <input_file_ref idref="fl-ca"/>
      </object_component>
      <object_component id="oc-d9">
         <name>.debug_frame</name>
         <load_address>0x200</load_address>
         <run_address>0x200</run_address>
         <size>0x54</size>
         <input_file_ref idref="fl-cc"/>
      </object_component>
      <object_component id="oc-11a">
         <name>.debug_abbrev</name>
         <load_address>0x0</load_address>
         <run_address>0x0</run_address>
         <size>0x7a</size>
         <input_file_ref idref="fl-1"/>
      </object_component>
      <object_component id="oc-118">
         <name>.debug_abbrev</name>
         <load_address>0x7a</load_address>
         <run_address>0x7a</run_address>
         <size>0x27</size>
         <input_file_ref idref="fl-1"/>
      </object_component>
      <object_component id="oc-cd">
         <name>.debug_abbrev</name>
         <load_address>0xa1</load_address>
         <run_address>0xa1</run_address>
         <size>0x71</size>
         <input_file_ref idref="fl-1"/>
      </object_component>
      <object_component id="oc-b7">
         <name>.debug_abbrev</name>
         <load_address>0x112</load_address>
         <run_address>0x112</run_address>
         <size>0x69</size>
         <input_file_ref idref="fl-1"/>
      </object_component>
      <object_component id="oc-123">
         <name>.debug_abbrev</name>
         <load_address>0x17b</load_address>
         <run_address>0x17b</run_address>
         <size>0x97</size>
         <input_file_ref idref="fl-1"/>
      </object_component>
      <object_component id="oc-11e">
         <name>.debug_abbrev</name>
         <load_address>0x212</load_address>
         <run_address>0x212</run_address>
         <size>0xbd</size>
         <input_file_ref idref="fl-1"/>
      </object_component>
      <object_component id="oc-34">
         <name>.debug_abbrev</name>
         <load_address>0x2cf</load_address>
         <run_address>0x2cf</run_address>
         <size>0x1f</size>
         <input_file_ref idref="fl-1"/>
      </object_component>
      <object_component id="oc-115">
         <name>.debug_abbrev</name>
         <load_address>0x2ee</load_address>
         <run_address>0x2ee</run_address>
         <size>0x5c</size>
         <input_file_ref idref="fl-1"/>
      </object_component>
      <object_component id="oc-d1">
         <name>.debug_abbrev</name>
         <load_address>0x34a</load_address>
         <run_address>0x34a</run_address>
         <size>0x24</size>
         <input_file_ref idref="fl-1"/>
      </object_component>
      <object_component id="oc-112">
         <name>.debug_abbrev</name>
         <load_address>0x36e</load_address>
         <run_address>0x36e</run_address>
         <size>0x50</size>
         <input_file_ref idref="fl-2"/>
      </object_component>
      <object_component id="oc-b3">
         <name>.debug_abbrev</name>
         <load_address>0x3be</load_address>
         <run_address>0x3be</run_address>
         <size>0x7c</size>
         <input_file_ref idref="fl-3"/>
      </object_component>
      <object_component id="oc-73">
         <name>.debug_abbrev</name>
         <load_address>0x43a</load_address>
         <run_address>0x43a</run_address>
         <size>0x29</size>
         <input_file_ref idref="fl-3"/>
      </object_component>
      <object_component id="oc-b1">
         <name>.debug_abbrev</name>
         <load_address>0x463</load_address>
         <run_address>0x463</run_address>
         <size>0x5e</size>
         <input_file_ref idref="fl-3"/>
      </object_component>
      <object_component id="oc-b2">
         <name>.debug_abbrev</name>
         <load_address>0x4c1</load_address>
         <run_address>0x4c1</run_address>
         <size>0x42</size>
         <input_file_ref idref="fl-3"/>
      </object_component>
      <object_component id="oc-7e">
         <name>.debug_abbrev</name>
         <load_address>0x503</load_address>
         <run_address>0x503</run_address>
         <size>0x3e</size>
         <input_file_ref idref="fl-c3"/>
      </object_component>
      <object_component id="oc-76">
         <name>.debug_abbrev</name>
         <load_address>0x541</load_address>
         <run_address>0x541</run_address>
         <size>0x29</size>
         <input_file_ref idref="fl-c7"/>
      </object_component>
      <object_component id="oc-a0">
         <name>.debug_abbrev</name>
         <load_address>0x56a</load_address>
         <run_address>0x56a</run_address>
         <size>0x55</size>
         <input_file_ref idref="fl-c7"/>
      </object_component>
      <object_component id="oc-c9">
         <name>.debug_abbrev</name>
         <load_address>0x5bf</load_address>
         <run_address>0x5bf</run_address>
         <size>0x55</size>
         <input_file_ref idref="fl-ca"/>
      </object_component>
      <object_component id="oc-126">
         <name>.debug_abbrev</name>
         <load_address>0x614</load_address>
         <run_address>0x614</run_address>
         <size>0x45</size>
         <input_file_ref idref="fl-cc"/>
      </object_component>
      <object_component id="oc-1a9">
         <name>.debug_abbrev</name>
         <load_address>0x659</load_address>
         <run_address>0x659</run_address>
         <size>0xf</size>
      </object_component>
      <object_component id="oc-b9">
         <name>.debug_str</name>
         <load_address>0x0</load_address>
         <run_address>0x0</run_address>
         <size>0x2c8</size>
         <input_file_ref idref="fl-1"/>
      </object_component>
      <object_component id="oc-125">
         <name>.debug_str</name>
         <load_address>0x2c8</load_address>
         <run_address>0x2c8</run_address>
         <size>0x4aa</size>
         <input_file_ref idref="fl-1"/>
      </object_component>
      <object_component id="oc-120">
         <name>.debug_str</name>
         <load_address>0x772</load_address>
         <run_address>0x772</run_address>
         <size>0x1605</size>
         <input_file_ref idref="fl-1"/>
      </object_component>
      <object_component id="oc-36">
         <name>.debug_str</name>
         <load_address>0x1d77</load_address>
         <run_address>0x1d77</run_address>
         <size>0xff</size>
         <input_file_ref idref="fl-1"/>
      </object_component>
      <object_component id="oc-117">
         <name>.debug_str</name>
         <load_address>0x1e76</load_address>
         <run_address>0x1e76</run_address>
         <size>0x35e</size>
         <input_file_ref idref="fl-1"/>
      </object_component>
      <object_component id="oc-d3">
         <name>.debug_str</name>
         <load_address>0x21d4</load_address>
         <run_address>0x21d4</run_address>
         <size>0x160</size>
         <input_file_ref idref="fl-1"/>
      </object_component>
      <object_component id="oc-9b">
         <name>.debug_aranges</name>
         <load_address>0x0</load_address>
         <run_address>0x0</run_address>
         <size>0x20</size>
         <input_file_ref idref="fl-1"/>
      </object_component>
      <object_component id="oc-ad">
         <name>.debug_aranges</name>
         <load_address>0x20</load_address>
         <run_address>0x20</run_address>
         <size>0x20</size>
         <input_file_ref idref="fl-2"/>
      </object_component>
      <object_component id="oc-69">
         <name>.debug_aranges</name>
         <load_address>0x40</load_address>
         <run_address>0x40</run_address>
         <size>0x20</size>
         <input_file_ref idref="fl-3"/>
      </object_component>
      <object_component id="oc-6f">
         <name>.debug_aranges</name>
         <load_address>0x60</load_address>
         <run_address>0x60</run_address>
         <size>0x20</size>
         <input_file_ref idref="fl-3"/>
      </object_component>
      <object_component id="oc-39">
         <name>.debug_aranges</name>
         <load_address>0x80</load_address>
         <run_address>0x80</run_address>
         <size>0x20</size>
         <input_file_ref idref="fl-c3"/>
      </object_component>
      <object_component id="oc-51">
         <name>.debug_aranges</name>
         <load_address>0xa0</load_address>
         <run_address>0xa0</run_address>
         <size>0x20</size>
         <input_file_ref idref="fl-c7"/>
      </object_component>
      <object_component id="oc-96">
         <name>.debug_aranges</name>
         <load_address>0xc0</load_address>
         <run_address>0xc0</run_address>
         <size>0x20</size>
         <input_file_ref idref="fl-ca"/>
      </object_component>
      <object_component id="oc-d6">
         <name>.debug_aranges</name>
         <load_address>0xe0</load_address>
         <run_address>0xe0</run_address>
         <size>0x20</size>
         <input_file_ref idref="fl-cc"/>
      </object_component>
      <object_component id="oc-cc">
         <name>.debug_pubnames</name>
         <load_address>0x0</load_address>
         <run_address>0x0</run_address>
         <size>0x1e</size>
         <input_file_ref idref="fl-1"/>
      </object_component>
      <object_component id="oc-9c">
         <name>.debug_pubnames</name>
         <load_address>0x1e</load_address>
         <run_address>0x1e</run_address>
         <size>0x1b</size>
         <input_file_ref idref="fl-1"/>
      </object_component>
      <object_component id="oc-ae">
         <name>.debug_pubnames</name>
         <load_address>0x39</load_address>
         <run_address>0x39</run_address>
         <size>0x21</size>
         <input_file_ref idref="fl-2"/>
      </object_component>
      <object_component id="oc-28">
         <name>.debug_pubnames</name>
         <load_address>0x5a</load_address>
         <run_address>0x5a</run_address>
         <size>0x27</size>
         <input_file_ref idref="fl-3"/>
      </object_component>
      <object_component id="oc-6a">
         <name>.debug_pubnames</name>
         <load_address>0x81</load_address>
         <run_address>0x81</run_address>
         <size>0x24</size>
         <input_file_ref idref="fl-3"/>
      </object_component>
      <object_component id="oc-70">
         <name>.debug_pubnames</name>
         <load_address>0xa5</load_address>
         <run_address>0xa5</run_address>
         <size>0x26</size>
         <input_file_ref idref="fl-3"/>
      </object_component>
      <object_component id="oc-3a">
         <name>.debug_pubnames</name>
         <load_address>0xcb</load_address>
         <run_address>0xcb</run_address>
         <size>0x1d</size>
         <input_file_ref idref="fl-c3"/>
      </object_component>
      <object_component id="oc-2b">
         <name>.debug_pubnames</name>
         <load_address>0xe8</load_address>
         <run_address>0xe8</run_address>
         <size>0x1e</size>
         <input_file_ref idref="fl-c7"/>
      </object_component>
      <object_component id="oc-52">
         <name>.debug_pubnames</name>
         <load_address>0x106</load_address>
         <run_address>0x106</run_address>
         <size>0x2d</size>
         <input_file_ref idref="fl-c7"/>
      </object_component>
      <object_component id="oc-97">
         <name>.debug_pubnames</name>
         <load_address>0x133</load_address>
         <run_address>0x133</run_address>
         <size>0x27</size>
         <input_file_ref idref="fl-ca"/>
      </object_component>
      <object_component id="oc-d7">
         <name>.debug_pubnames</name>
         <load_address>0x15a</load_address>
         <run_address>0x15a</run_address>
         <size>0x1c</size>
         <input_file_ref idref="fl-cc"/>
      </object_component>
      <object_component id="oc-b6">
         <name>.debug_pubtypes</name>
         <load_address>0x0</load_address>
         <run_address>0x0</run_address>
         <size>0x25c</size>
         <input_file_ref idref="fl-1"/>
      </object_component>
      <object_component id="oc-122">
         <name>.debug_pubtypes</name>
         <load_address>0x25c</load_address>
         <run_address>0x25c</run_address>
         <size>0xdd</size>
         <input_file_ref idref="fl-1"/>
      </object_component>
      <object_component id="oc-11d">
         <name>.debug_pubtypes</name>
         <load_address>0x339</load_address>
         <run_address>0x339</run_address>
         <size>0x2ce</size>
         <input_file_ref idref="fl-1"/>
      </object_component>
      <object_component id="oc-33">
         <name>.debug_pubtypes</name>
         <load_address>0x607</load_address>
         <run_address>0x607</run_address>
         <size>0xed</size>
         <input_file_ref idref="fl-1"/>
      </object_component>
      <object_component id="oc-114">
         <name>.debug_pubtypes</name>
         <load_address>0x6f4</load_address>
         <run_address>0x6f4</run_address>
         <size>0x330</size>
         <input_file_ref idref="fl-1"/>
      </object_component>
      <object_component id="oc-d0">
         <name>.debug_pubtypes</name>
         <load_address>0xa24</load_address>
         <run_address>0xa24</run_address>
         <size>0xaa</size>
         <input_file_ref idref="fl-1"/>
      </object_component>
   </object_component_list>
   <logical_group_list>
      <logical_group id="lg-3" display="no" color="cyan">
         <name>.intvecs</name>
         <load_address>0x0</load_address>
         <run_address>0x0</run_address>
         <size>0xe4</size>
         <contents>
            <object_component_ref idref="oc-26"/>
         </contents>
      </logical_group>
      <logical_group id="lg-4" display="no" color="cyan">
         <name>.text</name>
         <load_address>0xe4</load_address>
         <run_address>0xe4</run_address>
         <size>0x24a</size>
         <contents>
            <object_component_ref idref="oc-99"/>
            <object_component_ref idref="oc-37"/>
            <object_component_ref idref="oc-ab"/>
            <object_component_ref idref="oc-4f"/>
            <object_component_ref idref="oc-67"/>
            <object_component_ref idref="oc-93"/>
            <object_component_ref idref="oc-d4"/>
            <object_component_ref idref="oc-6d"/>
         </contents>
      </logical_group>
      <logical_group id="lg-5" display="no" color="cyan">
         <name>.const</name>
         <load_address>0x32e</load_address>
         <run_address>0x32e</run_address>
         <size>0x58</size>
         <contents>
            <object_component_ref idref="oc-ca"/>
         </contents>
      </logical_group>
      <logical_group id="lg-6" display="no" color="cyan">
         <name>.cinit</name>
         <run_address>0x0</run_address>
         <size>0x0</size>
         <contents>
         </contents>
      </logical_group>
      <logical_group id="lg-7" display="no" color="cyan">
         <name>.pinit</name>
         <run_address>0x0</run_address>
         <size>0x0</size>
         <contents>
         </contents>
      </logical_group>
      <logical_group id="lg-8" display="no" color="cyan">
         <name>.init_array</name>
         <run_address>0x0</run_address>
         <size>0x0</size>
         <contents>
         </contents>
      </logical_group>
      <logical_group id="lg-9" display="no" color="cyan">
         <name>.binit</name>
         <load_address>0x0</load_address>
         <run_address>0x0</run_address>
         <size>0x0</size>
         <contents>
            <object_component_ref idref="oc-179"/>
         </contents>
      </logical_group>
      <logical_group id="lg-a" display="no" color="cyan">
         <name>.flashMailbox</name>
         <run_address>0x0</run_address>
         <size>0x0</size>
         <contents>
         </contents>
      </logical_group>
      <logical_group id="lg-b" display="no" color="cyan">
         <name>.tlvTable</name>
         <run_address>0x0</run_address>
         <size>0x0</size>
         <contents>
         </contents>
      </logical_group>
      <logical_group id="lg-c" display="no" color="cyan">
         <name>.bslArea</name>
         <run_address>0x0</run_address>
         <size>0x0</size>
         <contents>
         </contents>
      </logical_group>
      <logical_group id="lg-d" display="no" color="cyan">
         <name>.vtable</name>
         <run_address>0x0</run_address>
         <size>0x0</size>
         <contents>
         </contents>
      </logical_group>
      <logical_group id="lg-e" display="no" color="cyan">
         <name>.data</name>
         <run_address>0x0</run_address>
         <size>0x0</size>
         <contents>
         </contents>
      </logical_group>
      <logical_group id="lg-f" display="no" color="cyan">
         <name>.bss</name>
         <run_address>0x0</run_address>
         <size>0x0</size>
         <contents>
         </contents>
      </logical_group>
      <logical_group id="lg-10" display="no" color="cyan">
         <name>.sysmem</name>
         <run_address>0x0</run_address>
         <size>0x0</size>
         <contents>
         </contents>
      </logical_group>
      <logical_group id="lg-11" display="no" color="cyan">
         <name>.stack</name>
         <run_address>0x2000fe00</run_address>
         <size>0x200</size>
         <contents>
            <object_component_ref idref="oc-29"/>
            <object_component_ref idref="oc-1a7"/>
         </contents>
      </logical_group>
      <logical_group id="lg-12" display="no" color="cyan">
         <name>.TI.ramfunc</name>
         <run_address>0x0</run_address>
         <size>0x0</size>
         <contents>
         </contents>
      </logical_group>
      <logical_group id="lg-176" display="no" color="cyan">
         <name>.TI.noinit</name>
         <run_address>0x0</run_address>
         <size>0x0</size>
         <contents>
         </contents>
      </logical_group>
      <logical_group id="lg-177" display="no" color="cyan">
         <name>.TI.persistent</name>
         <run_address>0x0</run_address>
         <size>0x0</size>
         <contents>
         </contents>
      </logical_group>
      <logical_group id="lg-178" display="no" color="cyan">
         <name>__llvm_prf_cnts</name>
         <run_address>0x20000000</run_address>
         <size>0x0</size>
         <contents>
         </contents>
      </logical_group>
      <logical_group id="lg-18d" display="never" color="cyan">
         <name>.debug_info</name>
         <load_address>0x0</load_address>
         <run_address>0x0</run_address>
         <size>0x6514</size>
         <contents>
            <object_component_ref idref="oc-ce"/>
            <object_component_ref idref="oc-cb"/>
            <object_component_ref idref="oc-9a"/>
            <object_component_ref idref="oc-b5"/>
            <object_component_ref idref="oc-121"/>
            <object_component_ref idref="oc-11c"/>
            <object_component_ref idref="oc-32"/>
            <object_component_ref idref="oc-113"/>
            <object_component_ref idref="oc-cf"/>
            <object_component_ref idref="oc-ac"/>
            <object_component_ref idref="oc-75"/>
            <object_component_ref idref="oc-27"/>
            <object_component_ref idref="oc-68"/>
            <object_component_ref idref="oc-6e"/>
            <object_component_ref idref="oc-38"/>
            <object_component_ref idref="oc-2a"/>
            <object_component_ref idref="oc-50"/>
            <object_component_ref idref="oc-95"/>
            <object_component_ref idref="oc-d5"/>
            <object_component_ref idref="oc-1a8"/>
         </contents>
      </logical_group>
      <logical_group id="lg-18f" display="never" color="cyan">
         <name>.debug_line</name>
         <load_address>0x0</load_address>
         <run_address>0x0</run_address>
         <size>0x692</size>
         <contents>
            <object_component_ref idref="oc-11b"/>
            <object_component_ref idref="oc-119"/>
            <object_component_ref idref="oc-9d"/>
            <object_component_ref idref="oc-b8"/>
            <object_component_ref idref="oc-124"/>
            <object_component_ref idref="oc-11f"/>
            <object_component_ref idref="oc-35"/>
            <object_component_ref idref="oc-116"/>
            <object_component_ref idref="oc-d2"/>
            <object_component_ref idref="oc-af"/>
            <object_component_ref idref="oc-b4"/>
            <object_component_ref idref="oc-74"/>
            <object_component_ref idref="oc-6b"/>
            <object_component_ref idref="oc-71"/>
            <object_component_ref idref="oc-3b"/>
            <object_component_ref idref="oc-77"/>
            <object_component_ref idref="oc-53"/>
            <object_component_ref idref="oc-98"/>
            <object_component_ref idref="oc-d8"/>
         </contents>
      </logical_group>
      <logical_group id="lg-191" display="never" color="cyan">
         <name>.debug_frame</name>
         <load_address>0x0</load_address>
         <run_address>0x0</run_address>
         <size>0x254</size>
         <contents>
            <object_component_ref idref="oc-9e"/>
            <object_component_ref idref="oc-b0"/>
            <object_component_ref idref="oc-6c"/>
            <object_component_ref idref="oc-72"/>
            <object_component_ref idref="oc-54"/>
            <object_component_ref idref="oc-94"/>
            <object_component_ref idref="oc-d9"/>
         </contents>
      </logical_group>
      <logical_group id="lg-193" display="never" color="cyan">
         <name>.debug_abbrev</name>
         <load_address>0x0</load_address>
         <run_address>0x0</run_address>
         <size>0x668</size>
         <contents>
            <object_component_ref idref="oc-11a"/>
            <object_component_ref idref="oc-118"/>
            <object_component_ref idref="oc-cd"/>
            <object_component_ref idref="oc-b7"/>
            <object_component_ref idref="oc-123"/>
            <object_component_ref idref="oc-11e"/>
            <object_component_ref idref="oc-34"/>
            <object_component_ref idref="oc-115"/>
            <object_component_ref idref="oc-d1"/>
            <object_component_ref idref="oc-112"/>
            <object_component_ref idref="oc-b3"/>
            <object_component_ref idref="oc-73"/>
            <object_component_ref idref="oc-b1"/>
            <object_component_ref idref="oc-b2"/>
            <object_component_ref idref="oc-7e"/>
            <object_component_ref idref="oc-76"/>
            <object_component_ref idref="oc-a0"/>
            <object_component_ref idref="oc-c9"/>
            <object_component_ref idref="oc-126"/>
            <object_component_ref idref="oc-1a9"/>
         </contents>
      </logical_group>
      <logical_group id="lg-195" display="never" color="cyan">
         <name>.debug_str</name>
         <load_address>0x0</load_address>
         <run_address>0x0</run_address>
         <size>0x2334</size>
         <contents>
            <object_component_ref idref="oc-b9"/>
            <object_component_ref idref="oc-125"/>
            <object_component_ref idref="oc-120"/>
            <object_component_ref idref="oc-36"/>
            <object_component_ref idref="oc-117"/>
            <object_component_ref idref="oc-d3"/>
         </contents>
      </logical_group>
      <logical_group id="lg-197" display="never" color="cyan">
         <name>.debug_aranges</name>
         <load_address>0x0</load_address>
         <run_address>0x0</run_address>
         <size>0x100</size>
         <contents>
            <object_component_ref idref="oc-9b"/>
            <object_component_ref idref="oc-ad"/>
            <object_component_ref idref="oc-69"/>
            <object_component_ref idref="oc-6f"/>
            <object_component_ref idref="oc-39"/>
            <object_component_ref idref="oc-51"/>
            <object_component_ref idref="oc-96"/>
            <object_component_ref idref="oc-d6"/>
         </contents>
      </logical_group>
      <logical_group id="lg-199" display="never" color="cyan">
         <name>.debug_pubnames</name>
         <load_address>0x0</load_address>
         <run_address>0x0</run_address>
         <size>0x176</size>
         <contents>
            <object_component_ref idref="oc-cc"/>
            <object_component_ref idref="oc-9c"/>
            <object_component_ref idref="oc-ae"/>
            <object_component_ref idref="oc-28"/>
            <object_component_ref idref="oc-6a"/>
            <object_component_ref idref="oc-70"/>
            <object_component_ref idref="oc-3a"/>
            <object_component_ref idref="oc-2b"/>
            <object_component_ref idref="oc-52"/>
            <object_component_ref idref="oc-97"/>
            <object_component_ref idref="oc-d7"/>
         </contents>
      </logical_group>
      <logical_group id="lg-19b" display="never" color="cyan">
         <name>.debug_pubtypes</name>
         <load_address>0x0</load_address>
         <run_address>0x0</run_address>
         <size>0xace</size>
         <contents>
            <object_component_ref idref="oc-b6"/>
            <object_component_ref idref="oc-122"/>
            <object_component_ref idref="oc-11d"/>
            <object_component_ref idref="oc-33"/>
            <object_component_ref idref="oc-114"/>
            <object_component_ref idref="oc-d0"/>
         </contents>
      </logical_group>
      <logical_group id="lg-1a6" display="no" color="cyan">
         <name>Veneer$$CMSE</name>
         <run_address>0x0</run_address>
         <size>0x0</size>
         <contents>
         </contents>
      </logical_group>
      <load_segment id="lg-1aa" display="no" color="cyan">
         <name>SEGMENT_0</name>
         <load_address>0x0</load_address>
         <run_address>0x0</run_address>
         <size>0x386</size>
         <flags>0x5</flags>
         <contents>
            <logical_group_ref idref="lg-3"/>
            <logical_group_ref idref="lg-4"/>
            <logical_group_ref idref="lg-5"/>
         </contents>
      </load_segment>
      <load_segment id="lg-1ab" display="no" color="cyan">
         <name>SEGMENT_1</name>
         <run_address>0x2000fe00</run_address>
         <size>0x200</size>
         <flags>0x6</flags>
         <contents>
            <logical_group_ref idref="lg-11"/>
         </contents>
      </load_segment>
   </logical_group_list>
   <placement_map>
      <memory_area display="yes" color="green">
         <name>MAIN</name>
         <page_id>0x0</page_id>
         <origin>0x0</origin>
         <length>0x40000</length>
         <used_space>0x386</used_space>
         <unused_space>0x3fc7a</unused_space>
         <attributes>RX</attributes>
         <usage_details>
            <allocated_space>
               <start_address>0x0</start_address>
               <size>0x0</size>
               <logical_group_ref idref="lg-9"/>
            </allocated_space>
            <allocated_space>
               <start_address>0x0</start_address>
               <size>0xe4</size>
               <logical_group_ref idref="lg-3"/>
            </allocated_space>
            <allocated_space>
               <start_address>0xe4</start_address>
               <size>0x24a</size>
               <logical_group_ref idref="lg-4"/>
            </allocated_space>
            <allocated_space>
               <start_address>0x32e</start_address>
               <size>0x58</size>
               <logical_group_ref idref="lg-5"/>
            </allocated_space>
            <available_space>
               <start_address>0x386</start_address>
               <size>0x3fc7a</size>
            </available_space>
         </usage_details>
      </memory_area>
      <memory_area display="yes" color="green">
         <name>INFO</name>
         <page_id>0x0</page_id>
         <origin>0x200000</origin>
         <length>0x4000</length>
         <used_space>0x0</used_space>
         <unused_space>0x4000</unused_space>
         <attributes>RX</attributes>
         <usage_details>
         </usage_details>
      </memory_area>
      <memory_area display="yes" color="green">
         <name>SRAM_CODE</name>
         <page_id>0x0</page_id>
         <origin>0x1000000</origin>
         <length>0x10000</length>
         <used_space>0x200</used_space>
         <unused_space>0xfe00</unused_space>
         <attributes>RWX</attributes>
         <usage_details>
            <allocated_space>
               <start_address>0x1000000</start_address>
               <size>0x0</size>
               <logical_group_ref idref="lg-178"/>
            </allocated_space>
            <available_space>
               <start_address>0x1000000</start_address>
               <size>0xfe00</size>
            </available_space>
            <allocated_space>
               <start_address>0x100fe00</start_address>
               <size>0x200</size>
               <logical_group_ref idref="lg-11"/>
            </allocated_space>
         </usage_details>
      </memory_area>
      <memory_area display="yes" color="green">
         <name>SRAM_DATA</name>
         <page_id>0x0</page_id>
         <origin>0x20000000</origin>
         <length>0x10000</length>
         <used_space>0x200</used_space>
         <unused_space>0xfe00</unused_space>
         <attributes>RW</attributes>
         <usage_details>
            <allocated_space>
               <start_address>0x20000000</start_address>
               <size>0x0</size>
               <logical_group_ref idref="lg-178"/>
            </allocated_space>
            <available_space>
               <start_address>0x20000000</start_address>
               <size>0xfe00</size>
            </available_space>
            <allocated_space>
               <start_address>0x2000fe00</start_address>
               <size>0x200</size>
               <logical_group_ref idref="lg-11"/>
            </allocated_space>
         </usage_details>
      </memory_area>
   </placement_map>
   <symbol_table>
      <symbol id="sm-1">
         <name>WDTCTL_SYM</name>
         <value>0x4000480c</value>
      </symbol>
      <symbol id="sm-2">
         <name>__start___llvm_prf_cnts</name>
         <value>0x20000000</value>
      </symbol>
      <symbol id="sm-3">
         <name>__stop___llvm_prf_cnts</name>
         <value>0x20000000</value>
      </symbol>
      <symbol id="sm-4">
         <name>binit</name>
         <value>0xffffffff</value>
      </symbol>
      <symbol id="sm-5">
         <name>__binit__</name>
         <value>0xffffffff</value>
      </symbol>
      <symbol id="sm-6">
         <name>__STACK_SIZE</name>
         <value>0x200</value>
      </symbol>
      <symbol id="sm-7">
         <name>__STACK_END</name>
         <value>0x20010000</value>
      </symbol>
      <symbol id="sm-8">
         <name>__c_args__</name>
         <value>0xffffffff</value>
      </symbol>
      <symbol id="sm-9">
         <name>__TI_pprof_out_hndl</name>
         <value>0xffffffff</value>
      </symbol>
      <symbol id="sm-a">
         <name>__TI_prof_data_start</name>
         <value>0xffffffff</value>
      </symbol>
      <symbol id="sm-b">
         <name>__TI_prof_data_size</name>
         <value>0xffffffff</value>
      </symbol>
      <symbol id="sm-c">
         <name>__TI_static_base__</name>
         <value>0x0</value>
      </symbol>
      <symbol id="sm-65">
         <name>main</name>
         <value>0xe5</value>
         <object_component_ref idref="oc-99"/>
      </symbol>
      <symbol id="sm-78">
         <name>SystemInit</name>
         <value>0x275</value>
         <object_component_ref idref="oc-ab"/>
      </symbol>
      <symbol id="sm-94">
         <name>Reset_Handler</name>
         <value>0x319</value>
         <object_component_ref idref="oc-67"/>
      </symbol>
      <symbol id="sm-95">
         <name>Default_Handler</name>
         <value>0x32d</value>
         <object_component_ref idref="oc-6d"/>
      </symbol>
      <symbol id="sm-96">
         <name>interruptVectors</name>
         <value>0x0</value>
         <object_component_ref idref="oc-26"/>
      </symbol>
      <symbol id="sm-b2">
         <name>memcpy</name>
         <value>0x1d9</value>
         <object_component_ref idref="oc-37"/>
      </symbol>
      <symbol id="sm-b3">
         <name>__aeabi_memcpy</name>
         <value>0x1d9</value>
         <object_component_ref idref="oc-37"/>
      </symbol>
      <symbol id="sm-b4">
         <name>__aeabi_memcpy8</name>
         <value>0x1d9</value>
         <object_component_ref idref="oc-37"/>
      </symbol>
      <symbol id="sm-b5">
         <name>__aeabi_memcpy4</name>
         <value>0x1d9</value>
         <object_component_ref idref="oc-37"/>
      </symbol>
      <symbol id="sm-ca">
         <name>_c_int00_noinit_noargs</name>
         <value>0x2ed</value>
         <object_component_ref idref="oc-4f"/>
      </symbol>
      <symbol id="sm-cb">
         <name>__stack</name>
         <value>0x2000fe00</value>
         <object_component_ref idref="oc-29"/>
      </symbol>
      <symbol id="sm-d7">
         <name>_system_pre_init</name>
         <value>0x325</value>
         <object_component_ref idref="oc-93"/>
      </symbol>
      <symbol id="sm-e3">
         <name>C$$EXIT</name>
         <value>0x329</value>
         <object_component_ref idref="oc-d4"/>
      </symbol>
      <symbol id="sm-e4">
         <name>abort</name>
         <value>0x329</value>
         <object_component_ref idref="oc-d4"/>
      </symbol>
      <symbol id="sm-e7">
         <name>__mpu_init</name>
         <value>0x0</value>
      </symbol>
      <symbol id="sm-e8">
         <name>NMI_Handler</name>
         <value>0x32d</value>
      </symbol>
      <symbol id="sm-e9">
         <name>HardFault_Handler</name>
         <value>0x32d</value>
      </symbol>
      <symbol id="sm-ea">
         <name>MemManage_Handler</name>
         <value>0x32d</value>
      </symbol>
      <symbol id="sm-eb">
         <name>BusFault_Handler</name>
         <value>0x32d</value>
      </symbol>
      <symbol id="sm-ec">
         <name>UsageFault_Handler</name>
         <value>0x32d</value>
      </symbol>
      <symbol id="sm-ed">
         <name>SVC_Handler</name>
         <value>0x32d</value>
      </symbol>
      <symbol id="sm-ee">
         <name>DebugMon_Handler</name>
         <value>0x32d</value>
      </symbol>
      <symbol id="sm-ef">
         <name>PendSV_Handler</name>
         <value>0x32d</value>
      </symbol>
      <symbol id="sm-f0">
         <name>SysTick_Handler</name>
         <value>0x32d</value>
      </symbol>
      <symbol id="sm-f1">
         <name>PSS_IRQHandler</name>
         <value>0x32d</value>
      </symbol>
      <symbol id="sm-f2">
         <name>CS_IRQHandler</name>
         <value>0x32d</value>
      </symbol>
      <symbol id="sm-f3">
         <name>PCM_IRQHandler</name>
         <value>0x32d</value>
      </symbol>
      <symbol id="sm-f4">
         <name>WDT_A_IRQHandler</name>
         <value>0x32d</value>
      </symbol>
      <symbol id="sm-f5">
         <name>FPU_IRQHandler</name>
         <value>0x32d</value>
      </symbol>
      <symbol id="sm-f6">
         <name>FLCTL_IRQHandler</name>
         <value>0x32d</value>
      </symbol>
      <symbol id="sm-f7">
         <name>COMP_E0_IRQHandler</name>
         <value>0x32d</value>
      </symbol>
      <symbol id="sm-f8">
         <name>COMP_E1_IRQHandler</name>
         <value>0x32d</value>
      </symbol>
      <symbol id="sm-f9">
         <name>TA0_0_IRQHandler</name>
         <value>0x32d</value>
      </symbol>
      <symbol id="sm-fa">
         <name>TA0_N_IRQHandler</name>
         <value>0x32d</value>
      </symbol>
      <symbol id="sm-fb">
         <name>TA1_0_IRQHandler</name>
         <value>0x32d</value>
      </symbol>
      <symbol id="sm-fc">
         <name>TA1_N_IRQHandler</name>
         <value>0x32d</value>
      </symbol>
      <symbol id="sm-fd">
         <name>TA2_0_IRQHandler</name>
         <value>0x32d</value>
      </symbol>
      <symbol id="sm-fe">
         <name>TA2_N_IRQHandler</name>
         <value>0x32d</value>
      </symbol>
      <symbol id="sm-ff">
         <name>TA3_0_IRQHandler</name>
         <value>0x32d</value>
      </symbol>
      <symbol id="sm-100">
         <name>TA3_N_IRQHandler</name>
         <value>0x32d</value>
      </symbol>
      <symbol id="sm-101">
         <name>EUSCIA0_IRQHandler</name>
         <value>0x32d</value>
      </symbol>
      <symbol id="sm-102">
         <name>EUSCIA1_IRQHandler</name>
         <value>0x32d</value>
      </symbol>
      <symbol id="sm-103">
         <name>EUSCIA2_IRQHandler</name>
         <value>0x32d</value>
      </symbol>
      <symbol id="sm-104">
         <name>EUSCIA3_IRQHandler</name>
         <value>0x32d</value>
      </symbol>
      <symbol id="sm-105">
         <name>EUSCIB0_IRQHandler</name>
         <value>0x32d</value>
      </symbol>
      <symbol id="sm-106">
         <name>EUSCIB1_IRQHandler</name>
         <value>0x32d</value>
      </symbol>
      <symbol id="sm-107">
         <name>EUSCIB2_IRQHandler</name>
         <value>0x32d</value>
      </symbol>
      <symbol id="sm-108">
         <name>EUSCIB3_IRQHandler</name>
         <value>0x32d</value>
      </symbol>
      <symbol id="sm-109">
         <name>ADC14_IRQHandler</name>
         <value>0x32d</value>
      </symbol>
      <symbol id="sm-10a">
         <name>T32_INT1_IRQHandler</name>
         <value>0x32d</value>
      </symbol>
      <symbol id="sm-10b">
         <name>T32_INT2_IRQHandler</name>
         <value>0x32d</value>
      </symbol>
      <symbol id="sm-10c">
         <name>T32_INTC_IRQHandler</name>
         <value>0x32d</value>
      </symbol>
      <symbol id="sm-10d">
         <name>AES256_IRQHandler</name>
         <value>0x32d</value>
      </symbol>
      <symbol id="sm-10e">
         <name>RTC_C_IRQHandler</name>
         <value>0x32d</value>
      </symbol>
      <symbol id="sm-10f">
         <name>DMA_ERR_IRQHandler</name>
         <value>0x32d</value>
      </symbol>
      <symbol id="sm-110">
         <name>DMA_INT3_IRQHandler</name>
         <value>0x32d</value>
      </symbol>
      <symbol id="sm-111">
         <name>DMA_INT2_IRQHandler</name>
         <value>0x32d</value>
      </symbol>
      <symbol id="sm-112">
         <name>DMA_INT1_IRQHandler</name>
         <value>0x32d</value>
      </symbol>
      <symbol id="sm-113">
         <name>DMA_INT0_IRQHandler</name>
         <value>0x32d</value>
      </symbol>
      <symbol id="sm-114">
         <name>PORT1_IRQHandler</name>
         <value>0x32d</value>
      </symbol>
      <symbol id="sm-115">
         <name>PORT2_IRQHandler</name>
         <value>0x32d</value>
      </symbol>
      <symbol id="sm-116">
         <name>PORT3_IRQHandler</name>
         <value>0x32d</value>
      </symbol>
      <symbol id="sm-117">
         <name>PORT4_IRQHandler</name>
         <value>0x32d</value>
      </symbol>
      <symbol id="sm-118">
         <name>PORT5_IRQHandler</name>
         <value>0x32d</value>
      </symbol>
      <symbol id="sm-119">
         <name>PORT6_IRQHandler</name>
         <value>0x32d</value>
      </symbol>
   </symbol_table>
   <title>Link successful</title>
</link_info>
